{"cameraMode":{"drawMode":0,"name":"Shaded","section":"Shading Mode"},"sceneLighting":true,"audioPlay":false,"sceneViewState":{"showFog":true,"showMaterialUpdate":false,"showSkybox":true,"showFlares":true,"showImageEffects":true,"showParticleSystems":true},"in2DMode":false,"pivot":{"x":-325.0868835449219,"y":-331.645263671875,"z":511.6588134765625},"rotation":{"x":0.24410761892795564,"y":-0.2848813235759735,"z":0.07527004182338715,"w":0.9238985776901245},"size":687.7540893554688,"orthographic":false}