{"cameraMode":{"drawMode":0,"name":"Shaded","section":"Shading Mode"},"sceneLighting":false,"audioPlay":false,"sceneViewState":{"showFog":true,"showMaterialUpdate":false,"showSkybox":true,"showFlares":true,"showImageEffects":true,"showParticleSystems":true},"in2DMode":false,"pivot":{"x":1.9365997314453126,"y":2.7200000286102297,"z":-6.360000133514404},"rotation":{"x":0.4173239767551422,"y":-0.033783216029405597,"z":0.015527757816016674,"w":0.9079968929290772},"size":13.07923412322998,"orthographic":false}